Wall time,Step,Value
1697065249.394881,465,0.00019914648146368563
1697065273.90984,1132,8.10866549727507e-05
1697065303.5664225,1940,6.797080277465284e-05
1697065330.9098737,2693,0.0001451391144655645
1697065382.91004,4121,2.673290146049112e-05
1697065425.7888231,5295,2.6925885322270915e-05
1697065431.4282944,5454,2.3095417418517172e-05
1697065445.4306307,5832,1.5902567611192353e-05
1697065446.8284667,5866,1.4659850421594456e-05
1697065451.4970138,5997,1.4395335711014923e-05
1697065453.6434357,6053,1.6529707863810472e-05
1697065461.7206025,6279,2.4430453777313232e-05
1697065463.7666676,6334,4.8011770559241995e-05
1697065478.140158,6730,1.5688819985371083e-05
1697065482.3919442,6850,2.7321253583068028e-05
1697065487.492497,6991,1.1978732800344005e-05
1697065504.652955,7464,9.966886864276603e-06
1697065511.5018997,7644,1.6598482034169137e-05
1697065534.904809,8291,1.087533473764779e-05
1697065544.428155,8554,2.0446779672056437e-05
1697065549.5350096,8694,1.831734334700741e-05
1697065566.157336,9152,1.5899920981610194e-05
1697065569.826808,9252,8.861330570653081e-06
1697065586.4924648,9712,8.370379873667844e-06
1697065587.9705348,9753,1.0306748663424514e-05
1697065590.9098191,9837,8.61844455357641e-06
1697065595.0388327,9949,6.10441838944098e-06
1697065596.0389204,9979,5.707623131456785e-06
1697065603.7358057,10191,4.896843165624887e-06
1697065612.9372673,10445,4.7998555601225235e-06
1697065620.293464,10645,8.632000572106335e-06
1697065634.1293325,11023,5.784159839095082e-06
1697065637.5632787,11118,1.1909438399015926e-05
1697065663.0704336,11819,5.173082627152326e-06
1697065670.5873113,12027,4.955641088599805e-06
1697065682.7128277,12354,1.5310261005652137e-05
1697065687.040234,12476,3.239385478082113e-06
1697065702.4241073,12905,3.1260769901564345e-06
1697065717.1724331,13304,2.526661091906135e-06
1697065720.3285468,13388,2.700257482501911e-06
1697065725.2623563,13522,5.977254204481142e-06
1697065735.3470376,13802,2.8105932869948447e-06
1697065741.3931983,13971,3.2882096547837136e-06
1697065765.6265526,14645,3.963891231251182e-06
1697065773.035984,14851,2.469531409587944e-06
1697065791.7927754,15371,4.154572707193438e-06
1697065823.3604736,16241,2.5166518753394485e-06
1697065846.2604496,16866,1.1573423535082838e-06
1697065846.8079183,16883,1.1891904705407796e-06
1697065891.761698,18121,9.963886213881779e-07
1697065904.813668,18481,1.2535244877653895e-06
1697065931.6242023,19209,7.492352551707882e-07
1697065935.6504807,19319,1.238498271050048e-06
1697065937.6802258,19377,4.972478109266376e-06
1697065942.2303503,19501,8.771569355303654e-07
1697065943.9832442,19546,7.467521072612726e-07
1697065946.4561856,19617,1.454301354897325e-06
1697065982.7399487,20618,5.172767941985512e-06
1697065990.9330142,20841,8.047213668760378e-07
1697066006.30094,21267,5.41806969067693e-07
1697066038.4589412,22162,5.24269012203149e-07
1697066058.2961037,22702,3.878147936120513e-07
1697066122.2690666,24469,6.447000941989245e-07
1697066132.716484,24758,1.083411348190566e-06
1697066139.2955017,24938,5.207938329476747e-07
1697066141.1625817,24991,1.8827549865818582e-06
1697066173.167255,25444,4.3766397084255004e-07
1697066196.2382312,25649,2.957820015581092e-07
1697066227.9702759,25929,6.960070209061087e-07
1697066253.8131278,26646,3.363728637850727e-07
1697066277.496244,27308,2.728357344494725e-07
1697066299.0458446,27894,4.0904456000134815e-07
1697066376.509036,29310,2.0142346102147712e-07
1697066383.0068696,29490,7.968906174937729e-07
1697066385.6158884,29565,2.9008296564825287e-07
1697066388.3304164,29636,2.9002825385759934e-07
1697066389.7908797,29677,3.5017001209780574e-07
1697066404.0503416,30055,1.9089988256837387e-07
1697066404.9034586,30080,2.7026516136174905e-07
1697066413.167978,30300,1.6561628513045434e-07
1697066452.6294806,31376,5.725889877794543e-07
1697066454.0100923,31410,2.0783255649803323e-07
1697066474.1001232,31953,1.552322856923638e-07
1697066531.751131,32811,2.027714316454876e-07
1697066565.2443671,33701,1.463402554691129e-07
1697066569.102436,33803,1.142983592217206e-07
1697066571.4399862,33864,1.36267686912106e-07
1697066611.53332,34951,2.6126218699573656e-07
1697066612.065462,34967,1.3642412000081094e-07
1697066618.8551834,35140,2.481594663095166e-07
1697066631.2086935,35477,1.4912221502072498e-07
1697066633.9058733,35551,2.3710833829682088e-07
1697066639.4899547,35704,1.5604643976985244e-07
1697066647.9663339,35913,1.4014106852755503e-07
1697066676.6923914,36694,2.1813792727698456e-07
1697066683.7865512,36891,1.388707460137084e-07
1697066687.651106,36996,9.971408587716724e-08
1697066690.3026059,37065,2.7627743293123785e-07
1697066712.8032475,37674,4.637748247660056e-07
1697066715.5351458,37749,1.7711201394376985e-07
1697066738.526581,38386,1.589901899023971e-07
1697066738.5609965,38387,1.725887415204852e-07
1697066753.3909044,38805,1.5268646791355422e-07
1697066754.633478,38839,1.215920519825886e-07
1697066761.2351134,39025,1.7621213999063912e-07
1697066781.29492,39588,2.3827587369851244e-07
1697066785.7344146,39712,1.911658529252236e-07
1697066804.307656,40236,1.924545784959264e-07
1697066807.6935043,40332,3.450004442129284e-07
1697066815.0346131,40540,1.1316959813711946e-07
1697066817.785888,40617,1.1104273056616876e-07
1697066829.2624738,40942,9.721586735622623e-08
1697066848.2451038,41473,8.862776468276934e-08
1697066867.4001312,42012,2.2966297308357753e-07
1697066871.5597155,42131,8.03734820919999e-08
1697066883.3599901,42461,5.410104790826153e-07
1697066886.067353,42535,1.7424653719899652e-07
1697066910.7187357,43231,9.857330240947704e-08
1697066946.9710495,44255,1.5629694871677202e-07
1697066948.0019455,44283,1.8574564819573425e-07
1697066950.2991002,44349,7.889998698829004e-08
1697066954.4345198,44463,7.431002302382694e-08
1697066963.2317045,44711,7.958428227539116e-08
1697066963.6568332,44724,9.29077685896118e-08
1697066963.8527565,44730,1.0710051867590664e-07
1697067026.3568308,46492,8.596279599260015e-08
1697067040.4542563,46890,5.771922246822214e-07
1697067046.6652687,47063,6.699578136704076e-08
1697067046.7946498,47067,6.951607645078184e-08
1697067047.3238103,47083,6.58906031958395e-08
1697067050.6841812,47178,7.668188573006773e-08
1697067055.1910415,47304,7.844720784078163e-08
1697067066.5590882,47625,3.639963210844144e-07
1697067079.8186498,47999,9.277887613734492e-08
1697067086.5508301,48189,8.074830759596807e-08
1697067088.7069547,48247,7.373876087513054e-08
1697067121.130008,49165,6.3051331267161e-08
1697067126.4053972,49314,9.830462488480407e-08
1697067132.3907428,49483,1.2551835482099705e-07
1697067141.9682186,49752,1.125722874917301e-07
1697067175.5970955,50697,1.8809029711519543e-07
1697067214.6802459,51797,5.267065716907382e-08
1697067220.7767394,51971,5.756972853987463e-08
1697067222.4217482,52013,9.822372959433778e-08
1697067231.262851,52263,8.311161536767031e-08
1697067234.8163977,52364,8.930472006341006e-08
1697067236.0993075,52399,8.669988460496825e-08
1697067260.2944314,53082,1.1059907478738751e-07
1697067294.362594,54041,6.454489209772873e-08
1697067314.0378313,54592,9.640197617954982e-08
1697067320.134141,54766,8.141361718116968e-08
1697067333.7044375,55148,7.825212122725134e-08
1697067341.5251405,55367,5.157433946578749e-08
1697067346.2289617,55499,6.045982559044205e-08
1697067349.2927537,55586,5.514004541851136e-08
1697067350.7215376,55629,1.0730128252589566e-07
1697067353.9059086,55718,4.919064977570997e-08
1697067363.2931924,55982,1.0211187628783591e-07
1697067381.1858459,56481,6.517090156421546e-08
1697067397.7171037,56932,6.141289787819915e-08
1697067434.6572006,57944,5.80254635451638e-08
1697067451.4257374,58405,4.966400979355967e-08
1697067458.9724727,58615,5.898987609498363e-08
1697067460.2979999,58655,5.71706308960529e-08
1697067467.8510826,58865,8.16908993783727e-08
1697067518.1934106,60280,5.6036018492022777e-08
1697067523.5239441,60431,7.95056109836878e-08
1697067542.196794,60958,5.916003686934346e-08
1697067557.7905915,61398,5.1776822829197044e-08
1697067569.9344764,61742,1.231362460885066e-07
1697067575.6257021,61904,1.0122333549134055e-07
1697067591.199276,62344,8.756305192036962e-08
1697067592.6853065,62386,8.3711654497165e-08
1697067636.820167,63622,5.6060581954398e-08
1697067646.8471568,63905,5.881894082904182e-08
1697067653.4638424,64091,7.57149933861001e-08
1697067683.0664017,64928,4.917668050552493e-08
1697067700.360577,65417,8.058160005930404e-08
1697067711.2351935,65722,9.032377334960984e-08
1697067715.3993876,65841,6.946198993773578e-08
1697067716.0829628,65858,6.709346678235306e-08
1697067718.6552913,65933,1.7111136685343808e-07
1697067719.5364156,65956,1.2106337976547366e-07
1697067731.4554698,66292,5.4801112980840117e-08
1697067744.3417873,66652,5.747803655253847e-08
1697067744.730291,66664,7.200812035534909e-08
1697067745.3514905,66680,4.808035924952492e-08
1697067786.2722626,67834,5.6236274303955724e-08
1697067788.4880638,67898,5.0833776299441524e-08
1697067798.8163955,68188,6.91259458562854e-08
1697067812.995536,68587,4.770072692394933e-08
1697067814.1710567,68619,4.6603780390341853e-08
1697067821.4542687,68826,5.987971007925807e-08
1697067830.0032582,69066,6.808477337472141e-08
1697067844.041168,69460,8.138280804814713e-08
1697067876.1641564,70360,4.537196929277343e-08
1697067884.2647762,70588,4.2544911593722645e-08
1697067894.5232718,70875,1.0531893934739855e-07
1697067904.6561818,71159,9.889437535548495e-08
1697067908.1022408,71256,6.717432654568256e-08
1697067923.587233,71694,3.809496007534108e-08
1697067953.9683187,72550,7.114084610293503e-08
1697067986.0006118,73453,4.123909391751113e-08
1697068002.6554022,73922,4.170054523910949e-08
1697068012.2029474,74192,5.130800317942885e-08
1697068032.2139316,74756,1.1636110741619632e-07
1697068041.0016837,75005,3.79096078972907e-08
1697068044.676271,75110,5.713310713417741e-08
1697068046.0020115,75146,3.839151219153791e-08
1697068058.3608909,75497,7.347469477281265e-08
1697068060.8208795,75565,3.858323793792806e-08
1697068112.2592647,77012,5.100238453792372e-08
1697068133.3655937,77609,4.188102664670623e-08
1697068145.4315069,77950,6.322499501720813e-08
1697068150.3585079,78089,5.004971015409865e-08
1697068155.3295693,78229,5.14769205040011e-08
1697068184.812559,79060,4.27125712576526e-08
1697068188.9665658,79178,5.275187930919856e-08
1697068190.7822158,79230,5.79704462211339e-08
1697068202.2937403,79554,1.0206390754774475e-07
1697068234.9665854,80473,4.429889344237381e-08
1697068279.2186837,81721,5.4222404344272945e-08
1697068306.2955542,82482,1.9035925902244344e-07
1697068330.8526502,83176,6.177985767408245e-08
1697068336.235591,83324,3.17677084638035e-08
1697068352.969809,83795,3.9712013233383914e-08
1697068356.9099998,83904,6.848547684512596e-08
1697068370.247861,84281,5.577465600481446e-08
1697068390.7049012,84858,8.419988262176048e-08
1697068417.294885,85605,5.762310095747125e-08
1697068439.1615565,86222,3.743801357813936e-08
1697068445.5951562,86402,7.719008721096543e-08
1697068446.227241,86421,4.1468616984730033e-08
1697068454.627413,86658,4.14046716912253e-08
1697068463.032619,86894,3.9746041124999465e-08
1697068464.6287308,86939,6.370748195649867e-08
1697068491.1645062,87688,2.896836903687472e-08
1697068494.9773993,87794,4.326485836259053e-08
1697068498.9987404,87909,4.061946157207785e-08
1697068510.2408206,88224,3.621564914624287e-08
1697068521.906358,88557,5.738861830195674e-08
1697068531.6186957,88832,6.149085152173939e-08
1697068564.2654698,89753,2.9550761837526807e-08
1697068574.5219436,90044,1.212827243080028e-07
1697068579.1357741,90172,4.953725607492743e-08
1697068601.6486945,90806,2.7961764459405458e-08
1697068602.3099082,90822,3.856268193658252e-08
1697068623.457062,91420,4.5344286547788215e-08
1697068634.7588828,91737,3.9948101715481243e-08
1697068638.729244,91850,5.28101082863941e-08
1697068652.9381838,92253,4.698074462794466e-08
1697068653.4588954,92266,7.539539836898257e-08
1697068670.6942403,92751,1.0537947758848532e-07
1697068706.5981529,93759,3.8182932371455536e-08
1697068706.858178,93767,6.72035298521223e-08
1697068715.5738988,94013,5.277656356383886e-08
1697068731.8281987,94471,3.963661754369241e-08
1697068746.0363135,94873,6.768532756495915e-08
1697068753.461128,95084,3.850164986829441e-08
1697068758.9700587,95237,7.579594551998525e-08
1697068778.1342623,95778,6.158421683721826e-08
1697068880.3278887,98645,3.989883623489732e-08
1697068936.7542384,100240,3.9347494151797946e-08
1697068951.7520463,100658,6.631955784541788e-08
1697068956.5826979,100796,3.464862885493858e-08
1697068970.0078797,101175,4.974043577021803e-08
1697068974.9420002,101315,3.489364885922441e-08
1697069004.8596396,102161,4.3416427786269196e-08
1697069005.0352297,102166,3.317518348922022e-08
1697069007.934547,102247,6.49220481818702e-08
1697069017.1686025,102509,5.018292981162631e-08
1697069027.650891,102806,3.709107687654978e-08
1697069042.905597,103236,3.943684490081978e-08
1697069052.588314,103508,4.438980027998696e-08
1697069067.1708813,103917,7.068535978760337e-08
1697069082.23749,104340,4.2294427515798816e-08
1697069084.8572068,104413,1.6843968353441596e-07
1697069086.5927289,104462,1.1591148307843469e-07
1697069108.5290408,105077,3.984768071063627e-08
1697069116.3279796,105298,2.748147309716842e-08
1697069131.3929927,105722,3.053700936561654e-08
1697069134.1333945,105798,4.442702206119975e-08
1697069153.3597212,106341,5.813035031110303e-08
1697069158.3263886,106481,5.935438807114224e-08
1697069173.3030827,106901,5.7104411865793736e-08
1697069175.583973,106967,4.835648326206865e-08
1697069180.833251,107116,3.6760752664122265e-08
1697069187.1005077,107292,3.095410505693508e-08
1697069199.0327828,107625,5.513999212780618e-08
1697069204.555546,107782,4.546607001998382e-08
1697069207.6248877,107868,3.5844305301679924e-08
1697069210.6219769,107952,3.767925349507095e-08
1697069265.4016185,109499,3.9087392877945604e-08
1697069280.0064974,109914,3.5106033635656786e-08
1697069284.0340557,110026,3.626231404041391e-08
1697069284.7443316,110048,4.1781859749789874e-08
1697069319.2044265,111013,4.1641854409135703e-08
1697069328.206294,111265,3.366318779285393e-08
1697069329.9096136,111313,3.8231213750350435e-08
1697069330.9121058,111343,2.6645919248835526e-08
1697069369.1329172,112423,3.132301884534172e-08
1697069372.97089,112532,3.371327039758398e-08
1697069432.4049053,114204,4.4149480515898176e-08
1697069438.0037818,114363,3.8782236089218713e-08
1697069452.3997207,114769,3.394100644982245e-08
1697069473.3959606,115362,3.4689424666112245e-08
1697069475.6477528,115427,4.3900424628873225e-08
1697069483.0699809,115634,3.282262639459077e-08
1697069501.5878506,116159,7.231426479847869e-08
1697069504.9341104,116254,2.502983953434068e-08
1697069517.0421567,116594,4.454349067373187e-08
1697069517.1709425,116598,4.3262751603379e-08
1697069558.5612051,117764,3.979045715141183e-08
1697069587.4719183,118575,4.344805404343788e-08
1697069590.1289356,118652,3.8214984954265674e-08
1697069603.3556285,119025,4.296846256579556e-08
1697069609.6899366,119203,4.0615574903313245e-08
1697069620.4565072,119508,4.012270693465325e-08
1697069647.748572,120278,7.345299479766254e-08
1697069656.2746375,120512,3.5491162009293475e-08
1697069673.3942292,120994,4.839851541760254e-08
1697069693.8467577,121571,3.133643744490655e-08
1697069725.527138,122463,4.569343658999969e-08
1697069730.0050533,122591,3.427134487310468e-08
1697069732.0325174,122646,4.1807798112358796e-08
1697069741.128225,122905,4.17819556730592e-08
1697069754.4922378,123282,3.792177594164059e-08
1697069760.5198913,123454,3.932198566758416e-08
1697069786.3055596,124180,3.474473686537749e-08
1697069818.359215,125084,4.70987338019313e-08
1697069819.3259792,125110,3.2017585027688256e-08
1697069831.8415966,125464,3.643057766566926e-08
1697069843.5235903,125793,4.019430477342212e-08
1697069855.7233124,126139,3.717197927244342e-08
1697069908.068932,127611,3.5196755732158636e-08
1697069945.6252058,128664,2.7133699731507477e-08
1697069954.6938326,128922,7.14095733655995e-08
1697069967.5944083,129285,3.548774074602079e-08
1697069968.2666059,129305,3.154494976342903e-08
1697069969.2307997,129330,3.568153061905832e-08
1697069980.7546895,129654,3.172733897827129e-08
1697070028.6594107,131002,4.090966143621699e-08
1697070035.9667265,131209,3.063561493377165e-08
1697070064.367299,132004,6.752212300398241e-08
1697070087.3262906,132653,2.844589808148612e-08
1697070098.6307125,132971,4.879566617432829e-08
1697070106.0028818,133179,2.73055960064994e-08
1697070169.033445,134950,3.7113121464926735e-08
1697070170.966641,135005,3.829559247492398e-08
1697070174.4185233,135102,5.004149983278694e-08
1697070176.9098344,135169,3.6417119986253965e-08
1697070184.4875891,135383,3.013121485651027e-08
1697070225.6218002,136542,2.6163755606489758e-08
1697070241.196461,136980,4.902882722035429e-08
1697070274.154347,137909,2.997506953761331e-08
1697070276.4951496,137973,4.1946123019442894e-08
1697070282.0033154,138129,4.1019536212161256e-08
1697070284.8604605,138209,3.275097171240304e-08
1697070342.5285165,139830,3.845120488676912e-08
1697070357.066275,140238,5.5141597954389e-08
1697070360.7539794,140342,3.587979335861746e-08
1697070365.4999268,140475,6.302130373114778e-08
1697070395.6711104,141314,3.294989170399276e-08
1697070401.561895,141480,6.770913785203447e-08
1697070407.4569805,141644,3.0233795911271955e-08
1697070437.0668495,142457,5.596537278051983e-08
1697070488.4292629,143889,3.459659581039887e-08
1697070519.229352,144756,2.671344034865797e-08
1697070519.2621806,144757,2.5452337126807834e-08
1697070520.4263265,144789,3.782832180831974e-08
1697070555.3595634,145774,3.831610584370537e-08
1697070559.226336,145880,4.6804998987681756e-08
1697070593.0397723,146834,3.7982630374244764e-08
1697070594.4568484,146877,4.492608240980189e-08
1697070663.019527,148802,3.0941940565298864e-08
1697070702.9351804,149924,2.442023472326582e-08
1697070738.5586183,150913,6.667683294381277e-08
1697070744.1958356,151074,4.346689053136288e-08
1697070744.2933557,151077,3.9250082295438915e-08
1697070783.815903,152192,2.7490299814303398e-08
1697070788.1053898,152310,3.082782740193579e-08
1697070814.9042573,153066,4.41680612084383e-08
1697070818.7200036,153172,3.5964969669066704e-08
1697070821.7607012,153261,3.3991646830600075e-08
1697070825.695658,153370,4.514437179636843e-08
1697070855.55293,154209,2.9478794516535345e-08
1697070866.8286524,154525,3.1916503218099024e-08
1697070881.9365318,154951,2.9180808880369113e-08
1697070943.1404855,156632,3.535235748586274e-08
1697070947.374084,156748,2.997515835545528e-08
1697070976.3202977,157539,3.3486266204363346e-08
1697070984.2623966,157757,5.484660192678348e-08
1697071041.1944413,159308,3.094455180985278e-08
1697071060.0993674,159829,3.118624647413526e-08
1697071069.16928,160075,3.1249498988472624e-08
1697071084.6562443,160497,2.8886343983458573e-08
1697071092.97496,160722,2.3483671895974112e-08
1697071118.906793,161434,8.328271405844134e-08
1697071129.0006268,161710,3.8436319016454945e-08
1697071135.6224258,161893,4.168234823964667e-08
1697071136.6249423,161920,3.312937479904576e-08
1697071175.1403072,162974,4.948721255004784e-08
1697071175.8182535,162995,3.3189994752547136e-08
1697071229.291955,164462,3.11931103169627e-08
1697071239.9700227,164756,3.3856085934758084e-08
1697071248.3939948,164988,3.539894422033285e-08
1697071255.2990005,165177,5.485583898234836e-08
1697071269.4578226,165569,8.250904670603632e-08
1697071319.763536,166949,7.502035970219367e-08
1697071320.2339323,166963,1.161051415010661e-07
1697071327.202116,167151,3.103102130808111e-08
1697071335.4966052,167382,3.008861781950145e-08
1697071356.647873,167959,4.610333803611866e-08
1697071378.331772,168553,3.372473500462547e-08
1697071379.5058846,168584,3.749525134821852e-08
1697071380.9754972,168626,4.189596580772559e-08
1697071402.131032,169208,2.725242964629615e-08
1697071440.6487927,170268,2.2199028393288245e-08
1697071444.459599,170375,3.554840333208631e-08
1697071448.9498994,170496,3.13639638704899e-08
1697071456.6179392,170700,3.691544137041092e-08
1697071458.3029668,170747,3.5732881542571704e-08
1697071466.6994965,170976,3.174881157974596e-08
1697071472.4746165,171135,5.902885646946743e-08
1697071498.2922473,171847,3.291231820412577e-08
1697071521.6985521,172490,3.32467280372839e-08
1697071545.3651862,173138,6.615910308482853e-08
1697071548.7844048,173233,5.451738616102375e-08
1697071565.5438437,173694,3.4869415799221315e-08
1697071569.231111,173794,3.0573541920375646e-08
1697071586.1360545,174252,3.142641702424953e-08
1697071588.3014882,174312,3.508599633050835e-08
1697071592.438085,174424,3.3232208096478644e-08
1697071611.1322525,174932,2.693925083008253e-08
1697071614.7423577,175026,3.0993241750820744e-08
1697071641.3247232,175761,3.657329017414668e-08
1697071647.4363074,175929,3.1182260329387645e-08
1697071648.227923,175953,2.7150525383490276e-08
1697071654.3735867,176116,3.167757967048601e-08
1697071721.6176784,177965,4.838452483113542e-08
1697071721.9076107,177973,5.8411057324292415e-08
1697071732.0002716,178249,2.7430127502725554e-08
1697071738.8662415,178436,2.3997156262112185e-08
1697071744.0358624,178580,2.4774900353463636e-08
1697071744.359546,178590,4.274644993529364e-08
1697071760.2046776,179021,3.8076990449553705e-08
1697071763.2269967,179101,2.959239608912867e-08
1697071768.8321016,179254,2.4348722149625246e-08
1697071778.0326364,179505,2.87551706890099e-08
1697071784.045686,179668,2.8706532262390283e-08
1697071797.455819,180033,3.9513295746473887e-08
1697071844.0373056,181297,9.119179367189645e-08
1697071850.5771885,181478,2.6658780072352783e-08
1697071859.1138763,181709,4.2047386017429744e-08
1697071860.624856,181752,2.5593930530476428e-08
1697071878.6404197,182069,2.9344596086389174e-08
1697071954.6498647,183606,3.024128147899319e-08
1697071958.9387236,183724,3.0528767069881724e-08
1697072023.5252843,185500,5.425857807495049e-08
1697072034.7003279,185804,2.4056740599576187e-08
1697072036.2648854,185847,3.346779564594726e-08
1697072044.2284644,186066,2.7502746746677076e-08
1697072046.8394988,186139,3.9202866730647656e-08
1697072065.9059439,186668,2.5047681262435617e-08
1697072071.4138727,186819,1.2892850520529464e-07
1697072078.3720467,187011,3.0789347960080704e-08
1697072079.7516427,187051,4.1015923102349916e-08
1697072132.1008766,188491,3.548169758005315e-08
1697072146.4561846,188881,3.5999299541344953e-08
1697072149.2636473,188958,4.9398618529039595e-08
1697072171.293502,189565,2.994580938775471e-08
1697072190.1484601,190085,2.7451623196839137e-08
1697072202.7078812,190434,5.740253783415028e-08
1697072221.5979736,190944,3.291206951416825e-08
1697072239.8209302,191446,5.821564386110367e-08
1697072255.3631885,191875,3.40749153338038e-08
1697072278.2931333,192498,4.138199471981352e-08
1697072301.5840535,193140,6.187424617110082e-08
1697072312.5130088,193440,3.703524953380111e-08
1697072320.5212584,193667,3.5771385853422544e-08
1697072336.0006807,194092,4.389833918594377e-08
1697072340.797766,194223,1.0510052561585326e-07
1697072366.4313774,194927,4.308537526753753e-08
1697072367.489169,194956,4.2329421745535e-08
1697072376.3014743,195194,3.099734513511976e-08
1697072383.6113129,195396,3.1294959512706555e-08
1697072421.9701018,196445,4.115233309676114e-08
1697072423.3270206,196483,3.818147575884723e-08
1697072451.3842053,197256,6.312032496680331e-08
1697072487.4708438,198247,7.318118377952487e-08
1697072490.7634704,198338,6.477480951616599e-08
1697072500.2528908,198602,2.8013051434072622e-08
1697072523.9665577,199252,3.868731113243484e-08
1697072535.3621244,199567,2.7279302372562597e-08
1697072535.7558315,199579,3.2706807928661874e-08
1697072538.752359,199660,3.1452287885258556e-08
1697072539.1330376,199671,2.906948282088706e-08
1697072541.9685278,199746,3.4407253934887194e-08
1697072544.0007849,199804,3.676864679391656e-08
1697072555.5948899,200126,3.528137071384663e-08
1697072560.6148908,200265,7.956284520105328e-08
1697072570.0827286,200528,2.6403521147244646e-08
1697072595.7406073,201233,2.3344838950833946e-08
1697072599.0325549,201321,2.1226428614795623e-08
1697072620.9348364,201930,4.390458840930478e-08
1697072631.682028,202220,3.4503894852377925e-08
1697072648.619064,202688,2.9443958382557867e-08
1697072723.1732879,204749,3.3075430394546856e-08
1697072759.715685,205754,3.1079398610245335e-08
1697072776.2061884,206208,2.8491552228615546e-08
1697072793.7554588,206697,4.064406056158987e-08
1697072809.2646968,207125,3.697339323593951e-08
1697072818.0671992,207369,3.418848493197402e-08
1697072859.6000078,208520,3.972650475247974e-08
1697072872.0989852,208861,6.139526931292494e-08
1697072887.1299894,209276,4.3411692018935355e-08
1697072903.699148,209727,3.368940681980348e-08
1697072917.6563292,210112,2.7956918557947574e-08
1697072932.2796898,210517,3.236718981725062e-08
1697072936.6320446,210634,3.123199832089085e-08
1697072945.0368278,210862,2.8002892449308092e-08
1697072955.6830928,211155,1.8449908267825776e-08
1697072965.905182,211439,4.000171571760802e-08
1697072995.3629239,212252,3.3236236873790403e-08
1697073004.9350786,212513,3.858987440708006e-08
1697073007.6258178,212589,3.359468792041298e-08
1697073019.100569,212904,2.651084329841069e-08
1697073027.114986,213125,3.6067536512973675e-08
1697073039.436417,213463,3.2726621412848544e-08
1697073041.2347553,213514,5.322750240566165e-08
1697073042.2531586,213545,3.121631308999895e-08
1697073045.0009315,213619,3.0805964001956454e-08
1697073048.4529626,213713,4.80725361740042e-08
1697073068.5183709,214262,2.4614491778152114e-08
1697073070.5920773,214319,3.241655122110387e-08
1697073081.9058933,214632,5.6230998524142706e-08
1697073094.131774,214968,3.075496834981095e-08
1697073097.4566064,215059,2.808025989509133e-08
1697073098.7319179,215094,2.6412497078354136e-08
1697073100.3421464,215139,5.191568064333296e-08
1697073136.2967443,216138,2.7931006840731243e-08
1697073171.8289387,217117,2.3828871320574763e-08
1697073176.1954055,217240,3.6056754026958515e-08
1697073177.7512772,217284,2.7078829845095242e-08
1697073183.533953,217440,3.39911068181209e-08
1697073187.3316286,217545,3.296124617691021e-08
1697073192.5637877,217691,4.4465274129379395e-08
1697073195.2634778,217766,2.757834671740511e-08
1697073231.7702663,218772,3.8568686022699694e-08
1697073236.5563362,218905,2.5049347485150975e-08
1697073253.7447553,219379,3.461842013052774e-08
1697073254.2826562,219392,2.1179683784566805e-08
1697073261.5220714,219595,3.333011378003903e-08
1697073266.6196344,219737,2.5448477103395817e-08
1697073273.7556686,219930,2.946159938232995e-08
1697073275.7980716,219984,2.988810265946995e-08
1697073275.9660873,219989,2.477094795949597e-08
1697073280.6520023,220123,4.0964273750887514e-08
1697073297.856255,220488,6.632730276123766e-08
1697073300.4048696,220559,3.2709234432104495e-08
1697073342.8294997,221723,3.6713515783048933e-08
1697073346.3913717,221824,2.6576941536404775e-08
1697073356.523083,222103,2.8728031509217544e-08
1697073363.5344453,222291,3.0403445094862036e-08
1697073373.6208966,222571,3.988738939142422e-08
1697073385.6551008,222903,3.827683414669991e-08
1697073389.7283297,223014,2.9484223063036552e-08
1697073416.9368868,223770,3.648517221677139e-08
1697073435.608154,224275,2.2758348094953362e-08
1697073448.5580084,224630,2.5692472149785317e-08
1697073450.2649064,224678,3.56388341060665e-08
1697073452.5026724,224737,3.0497751879465795e-08
1697073460.07059,224941,3.463230768829817e-08
1697073463.450483,225034,4.869218628300587e-08
1697073492.4007883,225827,2.776770102741466e-08
1697073496.784548,225943,2.257480780087917e-08
1697073536.1324258,227033,3.8157608628353046e-08
1697073540.293635,227149,3.3048124237211596e-08
1697073549.7849746,227412,3.200882758847001e-08
1697073551.7468245,227465,3.834560757809413e-08
1697073559.6211698,227677,3.281502358731814e-08
1697073567.9884715,227909,2.569385060269269e-08
1697073583.8293996,228344,1.8673979695904563e-08
1697073602.3586583,228860,2.5781442758443518e-08
1697073614.197747,229184,3.27441753711355e-08
1697073617.2599537,229270,3.84735976410866e-08
1697073645.0372276,230038,3.0978277720805636e-08
1697073659.8504426,230450,2.9635794263072057e-08
1697073665.9256413,230617,2.7627084620007736e-08
1697073692.6558316,231354,3.105080281784467e-08
1697073697.9384694,231494,2.3985375463553282e-08
1697073726.4302223,232280,3.009255422625756e-08
1697073746.9390125,232849,3.3170245217206684e-08
1697073758.04103,233158,3.2387816872869735e-08
1697073759.4877548,233199,4.437583811522927e-08
1697073779.4961367,233747,3.2866864785319194e-08
1697073790.0628004,234040,3.1557494395428876e-08
1697073804.0039887,234419,3.91554664247451e-08
1697073822.5005114,234928,2.910950236412191e-08
1697073824.784453,234992,2.651670705233755e-08
1697073825.131954,235002,2.310501123758968e-08
1697073843.043432,235490,3.982988516781916e-08
1697073851.9032934,235735,5.166761241071072e-08
1697073853.9354496,235793,2.5732157737934358e-08
1697073855.2067623,235826,3.1318514004397e-08
1697073858.0040884,235906,4.127635477857439e-08
1697073865.3632486,236108,2.413670685541547e-08
1697073871.2389283,236268,2.6840336175837365e-08
1697073888.7152185,236758,2.2008102007475827e-08
1697073891.747228,236842,2.531503717762007e-08
1697073915.9708993,237514,2.876799953810405e-08
1697073924.6141875,237749,7.219493625143514e-08
1697073927.303462,237824,3.0303514364504736e-08
1697073937.843701,238112,2.6168468281184687e-08
1697073944.7907975,238303,3.439324913756536e-08
1697073945.5272746,238322,3.563823725016846e-08
1697073946.1911023,238342,3.223598454837884e-08
1697073949.741648,238439,2.4360163664027823e-08
1697073958.6462908,238684,2.9216941754839354e-08
1697074008.4884164,240063,2.9757440955791026e-08
1697074016.3209858,240282,3.7821003218141414e-08
1697074020.4825199,240395,2.547299260413638e-08
1697074035.686008,240816,3.0458924271670185e-08
1697074047.5868995,241146,2.5015944871142892e-08
1697074056.9683483,241406,2.9082382724254785e-08
1697074074.764482,241898,2.7848759742710172e-08
1697074076.487631,241942,3.1608678341399354e-08
1697074092.10068,242376,3.2701152008485224e-08
1697074114.9032657,243000,3.130531567308026e-08
1697074117.825679,243081,2.4302529766373482e-08
1697074123.549224,243240,2.3739982424331174e-08
1697074138.7265096,243660,3.3067291127508724e-08
1697074151.0937176,243997,2.5346349019628178e-08
1697074172.792728,244589,2.665813880753376e-08
1697074183.480819,244887,2.398301113260004e-08
1697074195.5811846,245216,3.116719327067585e-08
1697074195.7633858,245221,3.370359635823661e-08
1697074206.2704055,245512,2.298645007670075e-08
1697074206.4317162,245517,2.624377692939106e-08
1697074219.728737,245882,3.8732498097715506e-08
1697074234.300241,246277,3.236204193513004e-08
1697074237.135157,246356,2.1140049710766107e-08
1697074257.445048,246917,2.7930383339480613e-08
1697074283.7272277,247649,2.568885193454662e-08
1697074304.9121766,248238,2.3793857550913344e-08
1697074326.275178,248826,3.2441597852539417e-08
1697074330.105358,248930,2.9570019322022745e-08
1697074331.259582,248962,4.8456435308708024e-08
1697074342.6290107,249278,3.578623619659993e-08
1697074348.3550344,249432,3.081030897078563e-08
1697074356.5911124,249660,2.0827256363986635e-08
1697074376.3895333,250207,3.4291350203830007e-08
1697074377.0906258,250224,2.6130733132845307e-08
1697074379.5560164,250293,2.6427635191339505e-08
1697074399.4270997,250844,2.680504884722268e-08
1697074409.8162444,251132,2.9361888920220736e-08
1697074431.3873324,251729,2.9416218794153792e-08
1697074432.9089859,251771,2.8613730052029496e-08
1697074442.6931517,252035,4.011154430827446e-08
1697074467.628861,252720,3.336469234227479e-08
1697074468.998203,252760,2.5804286707398205e-08
1697074512.5956879,253966,2.7631283927576078e-08
1697074540.2968078,254728,3.9252988415228174e-08
1697074543.1347964,254804,2.7092648124948937e-08
1697074557.588923,255202,3.07412513222971e-08
1697074598.1535125,256322,2.723593262032864e-08
1697074600.9379761,256399,3.730185582639933e-08
1697074618.389021,256888,3.4050465558266296e-08
1697074620.9056542,256955,6.830542531588435e-08
1697074635.9038186,257375,2.6764681138047308e-08
1697074641.4955533,257529,2.8752413783195152e-08
1697074653.8502905,257873,3.262731951281239e-08
1697074671.518662,258361,2.5684240512191536e-08
1697074697.7173712,259087,4.7122274082767035e-08
1697074724.7515185,259831,3.560258221568802e-08
1697074736.2593606,260155,3.091626510354217e-08
1697074745.5399895,260413,2.39647679478594e-08
1697074758.6230438,260776,2.3771431045815916e-08
1697074765.8125663,260974,4.161278255310208e-08
1697074770.4319646,261101,3.470244536174505e-08
1697074807.550999,262124,2.358864747975531e-08
1697074814.9083867,262322,3.1476698580945595e-08
1697074818.4575284,262422,3.492138489491481e-08
1697074819.5236075,262451,3.50203954724293e-08
1697074824.7519884,262594,2.3468373910873197e-08
1697074837.0030267,262932,3.208096188700438e-08
1697074845.3263426,263165,2.8042787647564182e-08
1697074860.104577,263574,3.619597066517599e-08
1697074880.9338322,264148,2.5736600406389698e-08
1697074881.1603966,264155,2.42259989846616e-08
1697074899.0031767,264646,2.684544675446432e-08
1697074914.1412373,265062,2.261162279637574e-08
1697074917.6163964,265161,3.122459801829791e-08
1697074953.6311152,266155,3.72066395470938e-08
1697074962.8198032,266405,2.7665713275837334e-08
1697074976.0350685,266773,2.7907130828452864e-08
1697074982.7436364,266959,4.171982226353066e-08
1697074992.655932,267235,2.74797500310342e-08
1697074993.9715908,267269,2.113138819481719e-08
1697075028.3575222,268220,2.0768057495956782e-08
1697075031.7375934,268314,2.2101845686961497e-08
1697075043.2243228,268631,3.653389768487614e-08
1697075048.5858366,268781,3.1932497535080984e-08
1697075120.0353935,270760,3.6372156841935066e-08
1697075120.55912,270773,2.3101669910374767e-08
1697075121.6099355,270803,2.4408819854215835e-08
1697075138.6251736,271276,2.5625487509728373e-08
1697075165.201,272004,3.682912463887078e-08
1697075202.9044619,273046,2.1031446806318854e-08
1697075206.1076417,273130,3.280290528095975e-08
1697075208.9423568,273211,3.400401382691598e-08
1697075221.97025,273570,2.6582767986838007e-08
1697075277.4294648,275107,3.5656519514759566e-08
1697075289.7585654,275440,3.801847370255018e-08
1697075295.1668253,275590,3.545087423617588e-08
1697075333.9037263,276656,2.717841418586886e-08
1697075336.1586146,276716,3.071271592602898e-08
1697075341.2374868,276857,4.757644944675121e-08
1697075349.1679204,277075,2.951310840160204e-08
1697075388.1661363,278156,2.377399610509201e-08
1697075418.3299844,278986,3.436938555978486e-08
1697075435.8253143,279471,4.1446995169280854e-08
1697075438.3603961,279544,3.10525400948336e-08
1697075465.0660157,280279,2.6387674267880357e-08
1697075471.37505,280454,7.294807602420406e-08
1697075477.6285253,280627,2.7965867843704473e-08
1697075500.8170958,281260,3.0589625055199576e-08
1697075517.399882,281718,2.2212210737393434e-08
1697075519.738799,281785,2.99992528596249e-08
1697075520.9993935,281818,3.910142254426319e-08
1697075534.119812,282183,3.1561555147163745e-08
1697075540.6608703,282361,3.473923726460271e-08
1697075555.2366269,282765,2.1636866520680087e-08
1697075558.134887,282843,3.1230211305910416e-08
1697075558.9824605,282865,2.7958245496506606e-08
1697075567.2800157,283099,2.964588219356301e-08
1697075579.4796116,283435,3.371754786485326e-08
1697075582.0320644,283505,4.588862267951299e-08
1697075612.7625175,284353,2.8690168463185728e-08
1697075633.8519788,284933,3.216607780132108e-08
1697075656.1261723,285545,2.652183361817606e-08
1697075660.371289,285658,3.3980921188003776e-08
1697075660.6739702,285667,2.3210350974522953e-08
1697075690.8332005,286506,2.564021528428384e-08
1697075725.2957847,287458,3.015423288843522e-08
1697075736.6554313,287771,2.985546032618913e-08
1697075752.3973212,288207,4.8082114290082245e-08
1697075779.205177,288949,2.7841602801004228e-08
1697075823.3059466,290160,2.4964457168152876e-08
1697075841.6160061,290677,3.049174779334862e-08
1697075858.3549464,291143,2.167820944976029e-08
1697075867.9376054,291411,2.3432683349255967e-08
1697075878.2064276,291696,2.7163800098151114e-08
1697075880.6581397,291765,3.852322549846576e-08
1697075898.3578517,292256,2.1518983928103808e-08
1697075948.0951793,293637,2.1143751638419417e-08
1697075963.3607037,294062,3.3644163011103956e-08
1697076002.9746823,295154,2.9557456926454506e-08
1697076033.7107904,296015,3.8135784308224174e-08
1697076139.1690807,298945,2.7271997993238983e-08
1697076177.1635702,300014,2.6174047818017243e-08
1697076177.3581781,300020,2.848481983619422e-08
1697076178.4058397,300048,3.3368866780847384e-08
1697076183.2940545,300189,2.8164400589503202e-08
1697076195.8047323,300536,2.9246917776504233e-08
1697076210.1339443,300937,3.4462548370584045e-08
1697076229.1651042,301475,2.4375772511575633e-08
1697076238.6604888,301742,3.569299167338613e-08
1697076248.2976038,302014,4.556137511713132e-08
1697076259.2325218,302316,2.449813862881456e-08
1697076269.3018293,302595,2.257436371166932e-08
1697076290.714998,303201,2.4061153069965258e-08
1697076353.009221,304946,2.46382327873107e-08
1697076355.0661469,305005,2.6700623934061696e-08
1697076365.4622455,305298,2.0795305033516343e-08
1697076372.9420779,305509,2.37006290149111e-08
1697076391.5200367,306033,2.2095905549690542e-08
1697076393.5854723,306092,3.401498105404244e-08
1697076407.9380589,306495,3.0505479031717186e-08
1697076425.232687,306983,2.968335088837648e-08
1697076427.9058547,307057,2.6289761478892615e-08
1697076436.7859695,307309,2.7655618239919022e-08
1697076455.9361,307847,2.3973379725816812e-08
1697076460.787159,307984,3.2669607463731154e-08
1697076470.8253224,308268,2.7054834816908624e-08
1697076476.4624584,308428,3.167522066860329e-08
1697076497.3951867,309019,2.0895557284461574e-08
1697076507.9581456,309314,2.213065641853973e-08
1697076511.0054414,309399,3.126448788748348e-08
1697076511.852267,309422,2.4641620299803435e-08
1697076521.359712,309689,3.566518103070848e-08
1697076535.6244466,310090,2.5395770819613972e-08
1697076554.723193,310630,2.9010678304075554e-08
1697076564.5907667,310907,3.052871733189022e-08
1697076569.17471,311038,2.258114406572531e-08
1697076615.1113145,312327,2.6124732599441813e-08
1697076616.259575,312359,2.643093388599027e-08
1697076652.5548487,313368,2.1494447111081172e-08
1697076679.971729,314118,3.141436977216472e-08
1697076685.4048915,314268,2.948318922335602e-08
1697076701.2282073,314715,3.285663296992425e-08
1697076702.074924,314737,2.450911829043889e-08
1697076736.9705834,315725,3.545525473214184e-08
1697076738.4935918,315768,2.8849823863197344e-08
1697076747.0003655,316008,2.6881798120825806e-08
1697076754.8138483,316226,2.491329098575079e-08
1697076760.0026004,316372,2.3348006195078597e-08
1697076760.8132856,316396,2.1349539025550257e-08
1697076769.9706285,316654,2.9782141197642886e-08
1697076789.4579675,317203,3.928332859004513e-08
1697076815.2655506,317932,3.5039604995290574e-08
1697076816.6935961,317972,2.4047892566159135e-08
1697076830.5537133,318359,2.8942917396079793e-08
1697076850.0724483,318909,2.543520238873498e-08
1697076859.0403473,319156,3.1243985176843125e-08
1697076865.3303301,319336,2.073343630115687e-08
1697076875.4965103,319621,2.225682926848549e-08
1697076883.3884037,319843,2.320417280543552e-08
1697076891.370176,320067,4.86771654095719e-08
1697076893.024666,320114,2.925856890101386e-08
1697076919.9375408,320877,3.314535135245933e-08
1697076931.2616944,321197,2.7628569654325474e-08
1697076953.457319,321824,3.43969794869281e-08
1697076958.6787105,321972,3.51201592252437e-08
1697076969.2076185,322270,3.663624426053502e-08
1697076978.2023761,322521,2.7228667320855493e-08
1697076979.905949,322569,2.808321930558577e-08
1697076984.3280556,322695,3.305886409066261e-08
1697076992.6324477,322927,2.366482476645615e-08
1697077003.9372733,323241,2.814701716147283e-08
1697077005.399889,323282,2.6466139502190345e-08
1697077019.8192828,323692,2.983558289315624e-08
1697077027.004583,323895,2.44333264731722e-08
1697077054.9897575,324685,3.169854778661829e-08
1697077069.7481806,325103,2.8107439931090994e-08
1697077080.1706371,325393,2.505626284232676e-08
1697077083.2299836,325482,2.6792688956334132e-08
1697077091.3602924,325710,2.8366558879611148e-08
1697077096.3586805,325850,3.567283357597262e-08
1697077113.7152598,326340,1.950108519110927e-08
1697077114.3031762,326354,2.0496443653428287e-08
1697077117.0686803,326434,2.776598329035096e-08
1697077140.68544,327101,3.185873609368173e-08
1697077149.7500145,327358,2.6930884189368953e-08
1697077182.8190382,328291,2.5000119308060675e-08
1697077199.9032164,328770,3.262048764440806e-08
1697077200.0329242,328774,2.0110316967247854e-08
1697077200.650257,328793,4.536803288601732e-08
1697077202.523353,328846,1.964615492511257e-08
1697077207.0335653,328972,2.1163307550864374e-08
1697077225.8467164,329503,2.202828852659877e-08
1697077255.4630785,330337,3.307475893166156e-08
1697077266.425526,330649,2.7954818904163403e-08
1697077274.3303943,330868,2.4556829458788343e-08
1697077276.1865506,330920,2.6877120973267665e-08
1697077281.9679027,331084,3.171739137997065e-08
1697077289.2309992,331290,2.2500799445879238e-08
1697077329.7147224,332429,3.156311834118242e-08
1697077360.6498253,333303,2.8300402021841364e-08
1697077384.162997,333966,3.419039273921953e-08
1697077386.1509519,334022,2.3876321364468822e-08
1697077388.3388603,334081,3.183545160823087e-08
1697077411.6194177,334741,3.5671327225372806e-08
1697077429.4978611,335243,3.0827134622768426e-08
1697077467.813649,336325,3.383818025781693e-08
1697077491.231579,336984,2.2991670789451746e-08
1697077509.2722344,337492,2.6847772005567094e-08
1697077517.4915886,337726,2.986539016092138e-08
1697077528.489304,338035,3.0969065534236506e-08
1697077531.2732265,338112,2.6205059455719493e-08
1697077545.389388,338513,2.1870741662155524e-08
1697077578.939172,339454,2.6543558462321926e-08
1697077579.7504435,339476,2.9105670762419322e-08
1697077590.8558514,339791,2.2901243568185237e-08
1697077596.79323,339957,3.1753661033917524e-08
1697077635.470621,341048,3.0619183633007196e-08
1697077644.9060452,341316,2.610786253853803e-08
1697077673.8468945,342132,3.463634001832361e-08
1697077681.8523853,342346,2.2040609337636852e-08
1697077684.071289,342408,3.3193845894174956e-08
1697077709.6245456,343116,2.857628444985494e-08
1697077711.2449841,343162,2.8402322271858793e-08
1697077713.034856,343210,2.3043567054514824e-08
1697077721.0626378,343437,3.5610408843922414e-08
1697077722.8148034,343484,2.7926397194733e-08
1697077731.4555364,343725,2.4454070768342717e-08
1697077745.8597548,344118,2.268901511115473e-08
1697077772.6202822,344860,3.2250031978264815e-08
1697077782.387915,345132,3.0388314087304025e-08
1697077783.8581634,345174,2.778472563136347e-08
1697077799.795222,345615,3.811672044662373e-08
1697077805.7203104,345781,3.184182517657064e-08
1697077824.1966808,346287,2.2072534022754553e-08
1697077827.5922418,346381,1.8560855963301037e-08
1697077885.7449927,347991,2.203845284043382e-08
1697077887.5181487,348041,2.9777345034176506e-08
1697077892.160345,348169,2.3769839430087814e-08
1697077892.4175816,348177,2.2990379378029502e-08
1697077966.937941,350232,2.9783127075688753e-08
1697077997.6360488,351090,4.146104615188051e-08
1697078004.0943642,351268,3.003670556722682e-08
1697078042.4066935,352325,3.206599785698927e-08
1697078047.6234453,352468,3.2431767493790176e-08
1697078101.7517982,353968,2.6761352245330272e-08
1697078115.0690389,354338,2.329248793841998e-08
1697078147.259969,355230,2.2799696353104082e-08
1697078160.2814314,355589,3.320508668025468e-08
1697078180.9057882,356163,2.5737536546444062e-08
1697078194.2851238,356540,2.7820355796848162e-08
1697078218.236369,357200,2.274855503969775e-08
1697078233.90552,357638,3.0487566249348674e-08
1697078249.2932038,358065,3.609797261105996e-08
1697078260.5646532,358377,2.5906377487672216e-08
1697078264.6805673,358493,2.2876282201877984e-08
1697078265.527707,358515,2.7621208431583e-08
1697078273.3466537,358734,3.8690505022032085e-08
1697078285.2302876,359064,2.433378121224905e-08
1697078287.2665718,359121,2.1165861951999432e-08
1697078307.8504188,359688,2.7276023217837064e-08
1697078333.0084941,360385,3.0006471973820226e-08
1697078390.863347,361983,2.508884655583188e-08
1697078408.097556,362460,2.6964498189840924e-08
1697078420.233338,362791,2.5015637561409676e-08
1697078427.194077,362976,2.13703792439901e-08
1697078438.3678179,363288,3.665524062057557e-08
1697078465.198731,364025,2.860658021575091e-08
1697078492.0172424,364766,2.63158064228719e-08
1697078503.2625527,365076,2.2457950166199225e-08
1697078543.938525,366202,2.8792278783384972e-08
1697078550.516817,366382,3.1453950555260235e-08
1697078579.911956,367199,2.1328403931875073e-08
1697078626.4888597,368494,2.72261608813551e-08
1697078636.682153,368777,2.3847976038382512e-08
1697078642.6011193,368937,2.4772498719016767e-08
1697078642.8351219,368944,2.0959820545840557e-08
1697078645.4303703,369017,2.362884110596042e-08
1697078656.786386,369330,3.016264216171294e-08
1697078682.0216584,370032,2.1456321164237124e-08
1697078715.9708703,370973,2.177867131081257e-08
1697078720.971148,371112,2.5856305541083202e-08
1697078727.1490836,371280,2.7699094573563343e-08
1697078755.6204512,372071,3.2301002761414566e-08
1697078765.547088,372340,2.4940259635286566e-08
1697078766.5455575,372370,2.9526249889499923e-08
1697078766.905146,372379,2.0329421701603678e-08
1697078779.7793071,372735,2.6497346539144928e-08
1697078790.130423,373021,2.8791056649879465e-08
1697078803.1333938,373385,2.0687462409796353e-08
1697078806.3358314,373472,2.2417735223712043e-08
1697078851.4307904,374716,4.384731155937516e-08
1697078866.0622463,375120,2.626155293228294e-08
1697078866.9074836,375145,2.1624137147568945e-08
1697078917.5243745,376546,2.8539515639636193e-08
1697078921.1702669,376647,3.3835377166724356e-08
1697078937.5568748,377094,2.3981691299468366e-08
1697078960.1510544,377722,2.745389515723673e-08
1697078977.158254,378189,2.6762856819573244e-08
1697078996.0709658,378710,3.176780083435915e-08
1697079002.745776,378897,2.5779728574093497e-08
1697079012.7273486,379163,2.8127784545972645e-08
1697079025.5776825,379522,2.6585526669009596e-08
1697079043.692016,380027,2.3107334712335614e-08
1697079099.3015385,381558,2.7413783243446233e-08
1697079103.4588308,381672,2.3845977636938187e-08
1697079125.4844863,382275,3.8091297227538234e-08
1697079159.3870873,383214,3.4360692069412835e-08
1697079159.841385,383228,2.823572664567564e-08
1697079184.130985,383902,2.3292766826443767e-08
1697079230.621469,385188,4.0868101791602385e-08
1697079251.4915445,385772,2.4966540834725492e-08
1697079257.4799025,385935,1.928243520410433e-08
1697079283.5929017,386655,2.885167305066716e-08
1697079285.733821,386714,2.654799224899307e-08
1697079307.2314303,387311,2.2453882309037e-08
1697079325.5564961,387817,2.7158968407547945e-08
1697079344.9041712,388349,2.4063830039722234e-08
1697079452.6523764,391327,3.054800501445243e-08
1697079464.0344532,391641,2.0838335501593974e-08
1697079483.3561423,392172,2.9751257457633073e-08
1697079494.6516862,392489,1.9387858429809057e-08
1697079495.3679557,392507,2.941371057829656e-08
1697079495.7546742,392517,3.9845737376253965e-08
1697079529.0988395,393429,2.820349997989524e-08
1697079536.7825553,393643,2.854980252209316e-08
1697079563.968512,394392,3.820777649821139e-08
1697079572.2953563,394623,3.6607893605378194e-08
1697079572.4568617,394628,2.7941005953380227e-08
1697079575.0690646,394700,2.2803504862167756e-08
1697079577.587179,394770,2.98781905883061e-08
1697079584.6726108,394965,2.5999121078257303e-08
1697079589.332288,395094,1.9804351936159037e-08
1697079590.2599933,395120,2.81846119776219e-08
1697079600.3837106,395399,2.3340094301715908e-08
1697079659.5876975,397023,2.2778715802473926e-08
1697079679.5352368,397578,2.372387974958201e-08
1697079689.199563,397842,2.4756571903594704e-08
1697079704.4644053,398263,2.7400592017556846e-08
1697079719.744728,398685,3.3619997452660755e-08
1697079724.3470411,398804,2.566927648217643e-08
1697079727.67543,398892,2.5396611036399008e-08
